dataset,sigma,n_images,mae,bias,sigma_hat_mean,sigma_hat_std,routing_accuracy
BraTS 2021,0.05,5000,0.001238,0.001121,0.051121,0.000986,0.1226
BraTS 2021,0.1,5000,0.001283,-0.000235,0.099765,0.001594,1.0
BraTS 2021,0.2,5000,0.002379,-0.001365,0.198635,0.002645,1.0
nodule3d,0.05,310,0.004222,-0.003926,0.046074,0.002628,0.929
nodule3d,0.1,310,0.002357,0.001428,0.101428,0.002571,1.0
nodule3d,0.2,310,0.003123,0.001349,0.201349,0.003772,1.0
CBSD68,0.05,68,0.014022,0.008726,0.058726,0.017407,0.3971
CBSD68,0.1,68,0.011577,0.008127,0.108127,0.012575,1.0
CBSD68,0.2,68,0.009722,0.006813,0.206813,0.009039,1.0
