dataset,sigma,n_seeds,routing_accuracy,mae,expert1_psnr_mean,expert1_psnr_std,expert1_ssim_mean,expert1_ssim_std,random_psnr_mean,random_psnr_std,random_ssim_mean,random_ssim_std,oracle_psnr_mean,oracle_psnr_std,oracle_ssim_mean,oracle_ssim_std,estimated_psnr_mean,estimated_psnr_std,estimated_ssim_mean,estimated_ssim_std
BraTS 2021,0.05,4,0.1226,0.001238,33.8867,0.3084,0.97104,0.00065,33.7584,0.1479,0.96824,0.00062,33.8867,0.3084,0.97104,0.00065,34.2306,0.1186,0.97212,0.00039
BraTS 2021,0.1,4,1.0,0.001283,29.1717,0.5209,0.788,0.07041,31.1155,0.1644,0.90139,0.023,32.0424,0.0985,0.95727,0.00078,32.0424,0.0985,0.95727,0.00078
BraTS 2021,0.2,4,1.0,0.002379,18.6659,0.3893,0.16395,0.01018,25.5319,0.0847,0.6737,0.00485,29.4452,0.0239,0.93523,0.00152,29.4452,0.0239,0.93523,0.00152
nodule3d,0.05,4,0.929,0.004222,35.6239,0.0527,0.93366,0.00395,35.8225,0.1402,0.94261,0.00163,35.6239,0.0527,0.93366,0.00395,35.6293,0.1039,0.93368,0.00434
nodule3d,0.1,4,1.0,0.002357,31.8094,0.4608,0.85055,0.00525,33.5546,0.1735,0.89716,0.00299,34.2777,0.2624,0.91245,0.00456,34.2777,0.2624,0.91245,0.00456
nodule3d,0.2,4,1.0,0.003123,22.8868,8.0971,0.57324,0.18456,28.4326,2.3268,0.76376,0.05212,31.6371,0.265,0.8664,0.00456,31.6371,0.265,0.8664,0.00456
CBSD68,0.05,4,0.3971,0.014022,27.3979,0.3959,0.8216,0.00564,26.9689,0.2356,0.78694,0.00722,27.3979,0.3959,0.8216,0.00564,27.4015,0.2079,0.8067,0.00593
CBSD68,0.1,4,1.0,0.011577,22.4563,0.2873,0.60265,0.01449,24.7999,0.178,0.69708,0.00851,26.0411,0.1,0.75586,0.00662,26.0411,0.1,0.75586,0.00662
CBSD68,0.2,4,1.0,0.009722,16.4182,0.2391,0.33679,0.01229,20.7781,0.2497,0.50993,0.01186,23.8397,0.114,0.64858,0.00747,23.8397,0.114,0.64858,0.00747
