dataset,sigma,active_params_map,active_params_joint,train_mse_map,test_mse_map,gap_map,train_mse_joint,test_mse_joint,gap_joint,excess_gap_map_minus_joint,routing_entropy_bits,effective_routing_patterns,matched_is_optimal_frac
BraTS 2021,0.05,5142433,5142433,0.0005000487435609102,0.0004925204557366669,-7.528287824243307e-06,0.00044648259063251317,0.0004385958600323647,-7.88673060014844e-06,3.584427759051323e-07,0.18014950518952016,1.1330012911171352,0.0272
BraTS 2021,0.1,5142433,5142433,0.0007275106618180871,0.0007157915970310569,-1.171906478703022e-05,0.0007663025753572583,0.0007553803734481335,-1.0922201909124851e-05,-7.968628779053688e-07,0.8240179822364002,1.7703295950052909,0.2582
BraTS 2021,0.2,5142433,5142433,0.0012745041167363524,0.0012639100896194577,-1.0594027116894722e-05,0.0014683029148727655,0.0014537337701767683,-1.4569144695997238e-05,3.975117579102516e-06,0.04077830771232602,1.0286686249885264,0.9956
nodule3d,0.05,5142433,5142433,0.000289884686935693,0.00028813499375246465,-1.7496931832283735e-06,0.0003098897577729076,0.00030167915974743664,-8.210598025470972e-06,6.4609048422425985e-06,0.4044483864864383,1.32358274263156,0.08064516129032258
nodule3d,0.1,5142433,5142433,0.0003936740686185658,0.0003800635749939829,-1.3610493624582887e-05,0.0005281100166030228,0.0005099871777929366,-1.812283881008625e-05,4.512345185503364e-06,0.869137580612638,1.8265706800994541,0.7096774193548387
nodule3d,0.2,5142433,5142433,0.0007458663894794881,0.0007079484057612717,-3.791798371821642e-05,0.0010999763617292047,0.0010514016030356288,-4.857475869357586e-05,1.065677497535944e-05,-0.0,1.0,1.0
CBSD68,0.05,5142433,5142433,0.0016804446931928396,0.001802830956876278,0.0001223862636834383,0.0020229145884513855,0.0021978942677378654,0.00017497967928647995,-5.259341560304165e-05,0.9943766625699825,1.9922195721583689,0.5441176470588235
CBSD68,0.1,5142433,5142433,0.0025094596203416586,0.0027110087685287,0.00020154914818704128,0.0031488346867263317,0.003436669707298279,0.0002878350205719471,-8.628587238490582e-05,0.6304637248922713,1.5480625066952096,0.8676470588235294
CBSD68,0.2,5142433,5142433,0.004142140503972769,0.004525462631136179,0.0003833221271634102,0.005728845484554768,0.006328329909592867,0.0005994844250380993,-0.0002161622978746891,-0.0,1.0,1.0
