dataset,sigma,specialization_gain_mse,diversity_hard_mse,routing_regret_hard_mse,condition_hard_mse,diversity_uniform_mse,routing_regret_uniform_mse,condition_uniform_mse,specialization_gain_db,condition_hard_db,condition_uniform_db,psnr_joint_db,psnr_routed_db,psnr_oracle_db,psnr_uniform_ens_db,oracle_picks_matching_agent_frac,ambiguity_identity_max_resid,n_images
BraTS 2021,0.05,1.4681826542073395e-05,0.0,6.860635039629415e-05,-5.392452385422075e-05,7.997314241947606e-05,6.798798131057993e-05,2.666698765096953e-05,0.14786529541015625,-0.5035972595214844,0.27242279052734375,33.5793571472168,33.07575988769531,33.72722244262695,33.85177993774414,0.0272,1.7462298274040222e-10,5000
BraTS 2021,0.1,6.912358367117122e-05,0.0,2.9534783607232384e-05,3.9588800063938834e-05,0.00021143100457265973,0.000254682672675699,2.5871915568131953e-05,0.41678810119628906,0.23379135131835938,0.1513519287109375,31.218345642089844,31.452136993408203,31.635133743286133,31.36969757080078,0.2582,3.4924596548080444e-10,5000
BraTS 2021,0.2,0.00018992270634043962,0.0,9.897109976009233e-08,0.00018982373524067953,0.002447800012305379,0.003916027024388313,-0.0012783043057424948,0.6080284118652344,0.6076869964599609,-2.740020751953125,28.375152587890625,28.982839584350586,28.98318099975586,25.6351318359375,0.9956,1.1641532182693481e-09,5000
nodule3d,0.05,0.00010834533168235794,0.0,9.480115841142833e-05,1.3544173270929605e-05,0.00010023696086136624,8.091773634077981e-05,0.00012766455620294437,1.932373046875,0.199493408203125,2.3895950317382812,35.20454788208008,35.4040412902832,37.13692092895508,37.59414291381836,0.08064516129032258,5.820766091346741e-11,310
nodule3d,0.1,0.00013962705270387232,0.0,9.703437171992846e-06,0.00012992361553187948,0.0001805527281248942,0.0001429398253094405,0.00017723995551932603,1.3893508911132812,1.2770309448242188,1.8544464111328125,32.924407958984375,34.201438903808594,34.313758850097656,34.77885437011719,0.7096774193548387,1.1641532182693481e-10,310
nodule3d,0.2,0.00034345328458584845,0.0,0.0,0.00034345328458584845,0.020508447661995888,0.030365685001015663,-0.009513784054433927,1.7176685333251953,1.7176685333251953,-10.021085739135742,29.782316207885742,31.499984741210938,31.499984741210938,19.76123046875,1.0,9.313225746154785e-09,310
CBSD68,0.05,0.00046307462616823614,0.0,6.801128620281816e-05,0.000395063339965418,0.00037851298111490905,0.0003612240543588996,0.0004803635529242456,1.0275249481201172,0.8605175018310547,1.0710220336914062,26.579933166503906,27.44045066833496,27.607458114624023,27.650955200195312,0.5441176470588235,2.3283064365386963e-10,68
CBSD68,0.1,0.0007330432417802513,0.0,7.382403964584228e-06,0.000725660837815667,0.0010054308222606778,0.001043499680235982,0.0006949743838049471,1.0419082641601562,1.0300655364990234,0.9811840057373047,24.63862419128418,25.668689727783203,25.680532455444336,25.619808197021484,0.8676470588235294,9.313225746154785e-10,68
CBSD68,0.2,0.001802867278456688,0.0,0.0,0.001802867278456688,0.0035435007885098457,0.006645244546234608,-0.001298876479268074,1.4562606811523438,1.4562606811523438,-0.8107643127441406,21.987112045288086,23.44337272644043,23.44337272644043,21.176347732543945,1.0,1.862645149230957e-09,68
