dataset,seed,sigma,agent,agent_psnr,joint_psnr,gap_agent_minus_joint,agent_ssim,joint_ssim,psnr_noisy
BraTS 2021,42,0.05,agent1_low,33.612,34.0551,-0.4431,0.97022,0.9736,27.2356
BraTS 2021,42,0.1,agent2_medium,31.9832,31.6778,0.3054,0.9568,0.95726,22.0763
BraTS 2021,42,0.2,agent3_high,29.4588,28.8252,0.6336,0.93622,0.92561,16.4272
BraTS 2021,43,0.05,agent1_low,34.2804,33.7341,0.5462,0.97169,0.9705,27.2356
BraTS 2021,43,0.1,agent2_medium,32.1781,31.4005,0.7776,0.95836,0.95473,22.0763
BraTS 2021,43,0.2,agent3_high,29.4702,28.4596,1.0106,0.93679,0.92296,16.4272
BraTS 2021,44,0.05,agent1_low,33.6726,34.0351,-0.3626,0.97086,0.97352,27.2356
BraTS 2021,44,0.1,agent2_medium,31.958,31.6574,0.3007,0.95662,0.95706,22.0763
BraTS 2021,44,0.2,agent3_high,29.435,28.7291,0.7058,0.93431,0.92534,16.4272
BraTS 2021,45,0.05,agent1_low,33.9818,33.8131,0.1687,0.9714,0.97234,27.2356
BraTS 2021,45,0.1,agent2_medium,32.0502,31.5249,0.5253,0.95731,0.95665,22.0763
BraTS 2021,45,0.2,agent3_high,29.4169,28.5207,0.8962,0.9336,0.92178,16.4272
nodule3d,42,0.05,agent1_low,35.697,35.5508,0.1461,0.93949,0.94728,24.9573
nodule3d,42,0.1,agent2_medium,34.4089,33.1492,1.2598,0.90675,0.89977,20.5955
nodule3d,42,0.2,agent3_high,31.7667,30.0548,1.7119,0.86871,0.82343,15.6478
nodule3d,43,0.05,agent1_low,35.5872,35.1084,0.4788,0.93235,0.9383,24.9573
nodule3d,43,0.1,agent2_medium,33.9126,32.6449,1.2677,0.91275,0.88972,20.5955
nodule3d,43,0.2,agent3_high,31.2598,29.8148,1.445,0.86022,0.80454,15.6478
nodule3d,44,0.05,agent1_low,35.5834,36.9267,-1.3433,0.93214,0.94842,24.9573
nodule3d,44,0.1,agent2_medium,34.2748,34.0385,0.2363,0.91238,0.90398,20.5955
nodule3d,44,0.2,agent3_high,31.8632,30.3945,1.4687,0.87073,0.82662,15.6478
nodule3d,45,0.05,agent1_low,35.6281,36.4041,-0.776,0.93068,0.94457,24.9573
nodule3d,45,0.1,agent2_medium,34.5145,33.4594,1.0551,0.91791,0.8943,20.5955
nodule3d,45,0.2,agent3_high,31.6588,30.105,1.5539,0.86594,0.82322,15.6478
CBSD68,42,0.05,agent1_low,27.7029,26.9734,0.7295,0.8271,0.81033,23.9908
CBSD68,42,0.1,agent2_medium,26.1218,25.0358,1.086,0.75735,0.6884,19.637
CBSD68,42,0.2,agent3_high,23.9368,22.4061,1.5307,0.65543,0.49609,14.5688
CBSD68,43,0.05,agent1_low,27.5005,26.6647,0.8357,0.82458,0.80759,23.9908
CBSD68,43,0.1,agent2_medium,26.1236,25.1523,0.9713,0.75712,0.72392,19.637
CBSD68,43,0.2,agent3_high,23.678,22.9666,0.7114,0.63836,0.56183,14.5688
CBSD68,44,0.05,agent1_low,27.5706,26.3705,1.2002,0.82053,0.79701,23.9908
CBSD68,44,0.1,agent2_medium,25.9186,24.7444,1.1743,0.76236,0.69932,19.637
CBSD68,44,0.2,agent3_high,23.8978,22.1887,1.7091,0.65253,0.52794,14.5688
CBSD68,45,0.05,agent1_low,26.8176,26.4439,0.3738,0.81418,0.79985,23.9908
CBSD68,45,0.1,agent2_medium,26.0004,24.8676,1.1328,0.74663,0.72029,19.637
CBSD68,45,0.2,agent3_high,23.8462,22.7103,1.1359,0.64799,0.562,14.5688
