model,sigma,mean_dice,std_dice,mean_hausdorff,std_hausdorff,n_images
no_denoising,0.05,0.7375,0.388,37.608,70.087,5000
oracle_clean,0.05,0.8243,0.3123,22.403,54.848,5000
map_denoisegan_routed(agent1_low),0.05,0.7976,0.3425,27.692,61.237,5000
map_single_agent_joint,0.05,0.815,0.3161,22.661,54.638,5000
no_denoising,0.1,0.6456,0.4307,49.895,77.544,5000
oracle_clean,0.1,0.8243,0.3123,22.403,54.848,5000
map_denoisegan_routed(agent2_medium),0.1,0.8036,0.3274,24.434,56.816,5000
map_single_agent_joint,0.1,0.8082,0.3194,22.757,54.382,5000
no_denoising,0.2,0.4873,0.4992,91.727,90.356,5000
oracle_clean,0.2,0.8243,0.3123,22.403,54.848,5000
map_denoisegan_routed(agent3_high),0.2,0.7908,0.3339,25.542,57.743,5000
map_single_agent_joint,0.2,0.7847,0.3349,25.38,56.935,5000
